nome,endereco,lat,lon,imagem,detalhes_url,mapa_url
Alexandre’s Bar,"Rua David Alves do Vale, 68 | Santa Rosa, Belo Horizonte - MG",-19.8618987,-43.94436899999999,https://cdb-static-files.s3.amazonaws.com/wp-content/uploads/2025/03/19134138/alexandresbar_fabulosodiscao_bh_2025_isaquerodrigues_unibh-8111-scaled.jpg,https://comidadibuteco.com.br/buteco/alexandres-bar/,"https://www.google.com/maps/search/?api=1&query=Rua David Alves do Vale, 68 | Santa Rosa, Belo Horizonte - MG"
Amarelim do Prado,"Avenida Francisco Sá, 658 | Prado, Belo Horizonte - MG",-19.9280605,-43.9598546,https://cdb-static-files.s3.amazonaws.com/wp-content/uploads/2025/03/19134238/amarelimdoprado_tremderocas_bh_2025_isaquerodrigues_unibh-7527-scaled.jpg,https://comidadibuteco.com.br/buteco/amarelim-do-prado/,"https://www.google.com/maps/search/?api=1&query=Avenida Francisco Sá, 658 | Prado, Belo Horizonte - MG"
Andrade’s Beer,"Rua Dona Geni, 32 |  Belo Horizonte - MG",-19.800632,-43.9965283,https://cdb-static-files.s3.amazonaws.com/wp-content/uploads/2025/03/19134640/andradesbeer_choracanelinha_bh_2025_rodneycosta_unibh-9247-scaled.jpg,https://comidadibuteco.com.br/buteco/andrades-beer/,"https://www.google.com/maps/search/?api=1&query=Rua Dona Geni, 32 |  Belo Horizonte - MG"
Arcos Bar,"Rua da Bahia, 1144 | Centro, Belo Horizonte - MG",-19.9249444,-43.9375936,https://cdb-static-files.s3.amazonaws.com/wp-content/uploads/2025/03/15051259/arcos_pratodadiversidade_bh_2025_rodneycosta_unibh-7624-scaled.jpg,https://comidadibuteco.com.br/buteco/arcos-bar/,"https://www.google.com/maps/search/?api=1&query=Rua da Bahia, 1144 | Centro, Belo Horizonte - MG"
Armazém Santa Amélia,"Avenida da Sinfonia, 253 | Santa Amélia, Belo Horizonte - MG",-19.8327892,-43.9732667,https://cdb-static-files.s3.amazonaws.com/wp-content/uploads/2025/03/19135257/armazemsantaamelia_segredodoarmazem_bh_2025_isaquerodrigues_unibh-7616-scaled.jpg,https://comidadibuteco.com.br/buteco/armazem-santa-amelia/,"https://www.google.com/maps/search/?api=1&query=Avenida da Sinfonia, 253 | Santa Amélia, Belo Horizonte - MG"
Avalanche Espeteria,"Avenida Doutor Álvaro Camargos, 1113 | São João Batista, Belo Horizonte - MG",-19.8250148,-43.960121,https://cdb-static-files.s3.amazonaws.com/wp-content/uploads/2025/03/19140742/avalanche_milaomaluco_bh_2025_rodneycosta_unibh-8764-scaled.jpg,https://comidadibuteco.com.br/buteco/avalanche-espeteria/,"https://www.google.com/maps/search/?api=1&query=Avenida Doutor Álvaro Camargos, 1113 | São João Batista, Belo Horizonte - MG"
Azougue Fogo e Bar,"Rua do Ouro, 835 | Serra, Belo Horizonte - MG",-19.9383853,-43.92018230000001,https://cdb-static-files.s3.amazonaws.com/wp-content/uploads/2025/03/15051233/azougue_linguadevovovirinha_bh_2025_isaquerodrigues_unibh-7366-scaled.jpg,https://comidadibuteco.com.br/buteco/azougue-fogo-e-bar/,"https://www.google.com/maps/search/?api=1&query=Rua do Ouro, 835 | Serra, Belo Horizonte - MG"
Baiuca,"Rua Piauí, 1884 | Funcionários, Belo Horizonte - MG",-19.9379851,-43.9287422,https://cdb-static-files.s3.amazonaws.com/wp-content/uploads/2025/03/19142244/baiuca_caneladasuina_bh_2025_rodneycosta_unibh-7505-scaled.jpg,https://comidadibuteco.com.br/buteco/baiuca/,"https://www.google.com/maps/search/?api=1&query=Rua Piauí, 1884 | Funcionários, Belo Horizonte - MG"
Bar Bambú,"Rua Divisa Nova, 670 | Salgado Filho, Belo Horizonte - MG",-19.9454547,-43.9819144,https://cdb-static-files.s3.amazonaws.com/wp-content/uploads/2025/03/15051202/barbambu_camaraoquedorme_bh_2025_fernandaoliveira_unibh-8355-scaled.jpg,https://comidadibuteco.com.br/buteco/3231-revision-v1/,"https://www.google.com/maps/search/?api=1&query=Rua Divisa Nova, 670 | Salgado Filho, Belo Horizonte - MG"
Bar Bendita Baderna,"Rua Silva Fortes, 47 | União, Belo Horizonte - MG",-19.8793837,-43.9278428,https://cdb-static-files.s3.amazonaws.com/wp-content/uploads/2025/03/19142754/benditabaderna_parabenscdb_bh_2025_rodneycosta_unibh-8203-scaled.jpg,https://comidadibuteco.com.br/buteco/bar-bendita-baderna/,"https://www.google.com/maps/search/?api=1&query=Rua Silva Fortes, 47 | União, Belo Horizonte - MG"
Bar da Cíntia,"Rua Pastor Rui Franco, 257 | São João Batista (Venda Nova), Belo Horizonte - MG",-19.8166948,-43.9695635,https://cdb-static-files.s3.amazonaws.com/wp-content/uploads/2025/03/19142858/bardacinthia_linguabeba_bh_2025_rodneycosta_unibh-8675-scaled.jpg,https://comidadibuteco.com.br/buteco/bar-da-cintia/,"https://www.google.com/maps/search/?api=1&query=Rua Pastor Rui Franco, 257 | São João Batista (Venda Nova), Belo Horizonte - MG"
Bar da Fia,"Rua dos Astecas, 2722 | Santa Mônica, Belo Horizonte - MG",-19.8279178,-43.98005630000001,https://cdb-static-files.s3.amazonaws.com/wp-content/uploads/2025/03/15051142/bardafia_linguanorabo_bh_2025_rodneycosta_unibh-7352-scaled.jpg,https://comidadibuteco.com.br/buteco/bar-da-fia/,"https://www.google.com/maps/search/?api=1&query=Rua dos Astecas, 2722 | Santa Mônica, Belo Horizonte - MG"
Bar da Lu,"Rua Geralda Marinho, 41 | São João Batista (Venda Nova), Belo Horizonte - MG",-19.8272783,-43.9640798,https://cdb-static-files.s3.amazonaws.com/wp-content/uploads/2025/03/19143046/bardalu_barrilmineiroso_bh_2025_rodneycosta_unibh-8734-scaled.jpg,https://comidadibuteco.com.br/buteco/bar-da-lu/,"https://www.google.com/maps/search/?api=1&query=Rua Geralda Marinho, 41 | São João Batista (Venda Nova), Belo Horizonte - MG"
Bar da Silvânia,"Rua Soares Nogueira, 801 | Camargos, Belo Horizonte - MG",-19.9418096,-44.01787729999999,https://cdb-static-files.s3.amazonaws.com/wp-content/uploads/2025/03/15050951/bardasilvania_otrembaumso_bh_2025_rodneycosta_unibh-8183-scaled.jpg,https://comidadibuteco.com.br/buteco/bar-da-silvania/,"https://www.google.com/maps/search/?api=1&query=Rua Soares Nogueira, 801 | Camargos, Belo Horizonte - MG"
Bar do Bartolomeu,"Rua Arthur Luchesi, 356 | Santa Helena (Barreiro), Belo Horizonte - MG",-19.9846946,-44.0114818,https://cdb-static-files.s3.amazonaws.com/wp-content/uploads/2025/03/15051018/bardobartolomeu_bembolado_bh_2025_fernandaoliveira_unibh-8039-scaled.jpg,https://comidadibuteco.com.br/buteco/bar-do-bartolomeu/,"https://www.google.com/maps/search/?api=1&query=Rua Arthur Luchesi, 356 | Santa Helena (Barreiro), Belo Horizonte - MG"
Bar do Bem,"RUA VICENTINA COUTINHO CAMARGOS, 100, BELO HORIZONTE - MG",-19.9149137,-44.0049204,https://cdb-static-files.s3.amazonaws.com/wp-content/uploads/2025/03/19143452/bardobem_furiosa_bh_2025_rodneycosta_unibh-9134-scaled.jpg,https://comidadibuteco.com.br/buteco/bar-do-bem/,"https://www.google.com/maps/search/?api=1&query=RUA VICENTINA COUTINHO CAMARGOS, 100, BELO HORIZONTE - MG"
Bar do Kim,"Rua Júlio de Castilho, 1071 | Palmeiras, Belo Horizonte – MG",-19.9646048,-43.9806296,https://cdb-static-files.s3.amazonaws.com/wp-content/uploads/2025/03/19143850/bardokim_musculoamodadokim_bh_2025_isaquerodrigues_unibh-9323-scaled.jpg,https://comidadibuteco.com.br/buteco/bar-do-kim/,"https://www.google.com/maps/search/?api=1&query=Rua Júlio de Castilho, 1071 | Palmeiras, Belo Horizonte – MG"
Bar do Nelson,"Av Vicente Risola, 1000 | Belo Horizonte - MG",-19.8839862,-43.9092409,https://cdb-static-files.s3.amazonaws.com/wp-content/uploads/2025/03/19145234/bardonelson_bolinhodeprata_bh_2025_amandacantanhede_unibh-9036-scaled.jpg,https://comidadibuteco.com.br/buteco/bar-do-nelson/,"https://www.google.com/maps/search/?api=1&query=Av Vicente Risola, 1000 | Belo Horizonte - MG"
Bar do Primo,"Avenida Amazonas, 4649 | Nova Suíça, Belo Horizonte - MG",-19.9295944,-43.97577709999999,https://cdb-static-files.s3.amazonaws.com/wp-content/uploads/2025/03/19145355/primo_costelinhadebuteco_bh_2025_isaquerodrigues_unibh-8526-scaled.jpg,https://comidadibuteco.com.br/buteco/bar-do-primo/,"https://www.google.com/maps/search/?api=1&query= Avenida Amazonas, 4649 | Nova Suíça, Belo Horizonte - MG"
Bar do Regis,"Rua Gávea, 422 | Jardim América, Belo Horizonte - MG",-19.9398014,-43.9775496,https://cdb-static-files.s3.amazonaws.com/wp-content/uploads/2025/03/15050928/bardoregis_trilhademinas_bh_2025_amandacantanhede_unibh-8270-scaled.jpg,https://comidadibuteco.com.br/buteco/24790-revision-v1/,"https://www.google.com/maps/search/?api=1&query=Rua Gávea, 422 | Jardim América, Belo Horizonte - MG"
Bar do Romeu,"Rua Aniri, 8 | Guarani, Belo Horizonte - MG",-19.844627,-43.928935,https://cdb-static-files.s3.amazonaws.com/wp-content/uploads/2025/03/15050906/bardoromeu_penorabo_bh_2025_rodneycosta_unibh-7542-scaled.jpg,https://comidadibuteco.com.br/buteco/5665-revision-v1/,"https://www.google.com/maps/search/?api=1&query=Rua Aniri, 8 | Guarani, Belo Horizonte - MG"
Bar dos Meninos,"Rua Lindolfo Deodoro, 503 | Salgado Filho, Belo Horizonte - MG",-19.9394487,-43.978927,https://cdb-static-files.s3.amazonaws.com/wp-content/uploads/2025/03/19145725/bardosmeninos_bodasdeprata_bh_2025_rodneycosta_unibh-8218-scaled.jpg,https://comidadibuteco.com.br/buteco/bar-dos-meninos/,"https://www.google.com/maps/search/?api=1&query=Rua Lindolfo Deodoro, 503 | Salgado Filho, Belo Horizonte - MG"
Bar Du Du,"Rua Violeta, 369 | Esplanada, Belo Horizonte - MG",-19.9058494,-43.9071217,https://comidadibuteco.com.br/wp-content/uploads/2022/03/Bar-du-Du_Moela-do-Papai_Pocos-de-Caldas_2023_Dreison-Medeiros-scaled.jpg,https://comidadibuteco.com.br/buteco/bar-du-du/,"https://www.google.com/maps/search/?api=1&query=Rua Violeta, 369 | Esplanada, Belo Horizonte - MG"
Bar e Restaurante Bom Sabor,"Rua Java, 386 | Nova Suíça, Belo Horizonte - MG",-19.9330153,-43.9772611,https://cdb-static-files.s3.amazonaws.com/wp-content/uploads/2025/03/24070354/restbomsabor_boracomemorar_bh_2025_amandacantanhede_unibh-9066-scaled.jpg,https://comidadibuteco.com.br/buteco/bar-e-restaurante-bom-sabor/,"https://www.google.com/maps/search/?api=1&query=Rua Java, 386 | Nova Suíça, Belo Horizonte - MG"
Bar e Restaurante do Joãozinho,"Rua Pinheiro Chagas, 295 | Barreiro, Belo Horizonte - MG",-19.9794483,-44.0128577,https://cdb-static-files.s3.amazonaws.com/wp-content/uploads/2025/03/24070652/bardojoaozinho_triomineiro_bh_2025_rodneycosta_unibh-7419-scaled.jpg,https://comidadibuteco.com.br/buteco/bar-e-restaurante-do-joaozinho/,"https://www.google.com/maps/search/?api=1&query=Rua Pinheiro Chagas, 295 | Barreiro, Belo Horizonte - MG"
Bar Estabelecimento,"Rua Monte Alegre, 160 | Serra, Belo Horizonte - MG",-19.9364107,-43.9237627,https://cdb-static-files.s3.amazonaws.com/wp-content/uploads/2025/03/07104420/barestabelecimento_tipracas_bh_2025_rodneycosta_unibh-8153-scaled.jpg,https://comidadibuteco.com.br/buteco/bar-estabelecimento/,"https://www.google.com/maps/search/?api=1&query=Rua Monte Alegre, 160 | Serra, Belo Horizonte - MG"
Bar Junto Juntinho,"Rua Cura D’Ars, 542 | Prado, Belo Horizonte - MG",-19.9273297,-43.9643647,https://cdb-static-files.s3.amazonaws.com/wp-content/uploads/2025/03/10075811/barjuntojuntinho_poliamorculinario_bh_2025_rodneycosta_unibh-1725-1-1-scaled.jpg,https://comidadibuteco.com.br/buteco/bar-junto-juntinho/,"https://www.google.com/maps/search/?api=1&query=Rua Cura D’Ars, 542 | Prado, Belo Horizonte - MG"
Bar Mania Mineira,"Rua Paracatu, 1099 | Santo Agostinho, Belo Horizonte - MG",-19.9275471,-43.9532141,https://cdb-static-files.s3.amazonaws.com/wp-content/uploads/2025/03/15050748/maniamineira_explosaodesabores_bh_2025_fernandaoliveira_unibh-8088-scaled.jpg,https://comidadibuteco.com.br/buteco/5668-revision-v1/,"https://www.google.com/maps/search/?api=1&query=Rua Paracatu, 1099 | Santo Agostinho, Belo Horizonte - MG"
Bar Pompéu,"Rua São Miguel, 779 | Itapoã, Belo Horizonte - MG",-19.8426051,-43.9582979,https://cdb-static-files.s3.amazonaws.com/wp-content/uploads/2025/03/15050703/pompeu_emasnume_bh_2025_rodneycosta_unibh-8144-scaled.jpg,https://comidadibuteco.com.br/buteco/3135-revision-v1/,"https://www.google.com/maps/search/?api=1&query=Rua São Miguel, 779 | Itapoã, Belo Horizonte - MG"
Bar Stella,"Avenida Saramenha, 1599 | Guarani, Belo Horizonte - MG",-19.8440095,-43.9174634,https://cdb-static-files.s3.amazonaws.com/wp-content/uploads/2025/03/19150007/barstella_boibebum_bh_2025_amandacantanhede_unibh-7586-scaled.jpg,https://comidadibuteco.com.br/buteco/bar-stella/,"https://www.google.com/maps/search/?api=1&query=Avenida Saramenha, 1599 | Guarani, Belo Horizonte - MG"
Bar Temático Sta. Teresa,"Rua Pirite, 187 | Belo Horizonte - MG",-19.9117134,-43.9111296,https://cdb-static-files.s3.amazonaws.com/wp-content/uploads/2025/03/15050630/tematico_cdb_25desucessoarrumado_bh_2025_rodneycosta_unibh-9084-scaled.jpg,https://comidadibuteco.com.br/buteco/bar-tematico-sta-teresa-2/,"https://www.google.com/maps/search/?api=1&query=Rua Pirite, 187 | Belo Horizonte - MG"
Barrigudinha Buteco,"Avenida dos Engenheiros, 1071 | Alípio de Melo, Belo Horizonte - MG",-19.8887996,-44.0027587,https://cdb-static-files.s3.amazonaws.com/wp-content/uploads/2025/03/15050518/barrigudinha_bodasaopradoribaomolhorubi_bh_2025_rodneycosta_unibh-8195-scaled.jpg,https://comidadibuteco.com.br/buteco/barrigudinha-buteco/,"https://www.google.com/maps/search/?api=1&query=Avenida dos Engenheiros, 1071 | Alípio de Melo, Belo Horizonte - MG"
Barzim dos amigos,"Rua Lindolfo de Azevedo, 1263 | Jardim América, Belo Horizonte - MG",-19.9435009,-43.9737939,https://cdb-static-files.s3.amazonaws.com/wp-content/uploads/2025/03/19150257/bardosamigos_porpetadebuteco_bh_2025_isaquerodrigues_unibh-7775-scaled.jpg,https://comidadibuteco.com.br/buteco/barzim-dos-amigos/,"https://www.google.com/maps/search/?api=1&query=Rua Lindolfo de Azevedo, 1263 | Jardim América, Belo Horizonte - MG"
Bazin Bar,"Rua Orozimbo Nonato, 1053 | Dona Clara, Belo Horizonte - MG",-19.8567357,-43.9427263,https://cdb-static-files.s3.amazonaws.com/wp-content/uploads/2025/03/19150411/bazim_bodasdeprata_bh_2025_rodneycosta_unibh-8388-scaled.jpg,https://comidadibuteco.com.br/buteco/bazin-bar/,"https://www.google.com/maps/search/?api=1&query=Rua Orozimbo Nonato, 1053 | Dona Clara, Belo Horizonte - MG"
Beco Restaurante,"Rua Tamoios, 232 | Belo Horizonte - MG",-19.9202735,-43.9386206,https://cdb-static-files.s3.amazonaws.com/wp-content/uploads/2025/03/19150511/becorestaurante_ladicasa_bh_2025_fernandaoliveira_unibh-8137-scaled.jpg,https://comidadibuteco.com.br/buteco/beco-restaurante/,"https://www.google.com/maps/search/?api=1&query=Rua Tamoios, 232 | Belo Horizonte - MG"
Benjamin Bar,"Rua Coronel José Benjamim, 770 | Padre Eustáquio, Belo Horizonte - MG",-19.9187714,-43.976405,https://cdb-static-files.s3.amazonaws.com/wp-content/uploads/2025/03/15050454/benjamin_boizimnomilharal_bh_2025_isaquerodrigues_unibh-7748-scaled.jpg,https://comidadibuteco.com.br/buteco/benjamin-bar/,"https://www.google.com/maps/search/?api=1&query=Rua Coronel José Benjamim, 770 | Padre Eustáquio, Belo Horizonte - MG"
Boteco 86,"Rua Jacarina, 86 | Padre Eustáquio, Belo Horizonte - MG",-19.9134528,-43.97203950000001,https://cdb-static-files.s3.amazonaws.com/wp-content/uploads/2025/03/19150606/boteco86_bolinhonordestino_bh_2025_isaquerodrigues_unibh-7714-scaled.jpg,https://comidadibuteco.com.br/buteco/boteco-86/,"https://www.google.com/maps/search/?api=1&query=Rua Jacarina, 86 | Padre Eustáquio, Belo Horizonte - MG"
Botequim Buritis,"Rua Vitório Magnavaca, 39 | Buritis, Belo Horizonte - MG",-19.9703359,-43.9655352,https://cdb-static-files.s3.amazonaws.com/wp-content/uploads/2025/03/15050402/botequimburitis_butequeiro_bh_2025_isaquerodrigues_unibh-7665-scaled.jpg,https://comidadibuteco.com.br/buteco/botequim-buritis/,"https://www.google.com/maps/search/?api=1&query=Rua Vitório Magnavaca, 39 | Buritis, Belo Horizonte - MG"
Botequim de Lourdes,"Rua Curitiba, 2039 | Lourdes, Belo Horizonte - MG",-19.9306308,-43.944368,https://cdb-static-files.s3.amazonaws.com/wp-content/uploads/2025/03/19150737/butequimlourdes_rocamboledetorresmoquesoobutequimtem_bh_2025_rodneycosta_unibh-9228-scaled.jpg,https://comidadibuteco.com.br/buteco/botequim-de-lurdes/,"https://www.google.com/maps/search/?api=1&query=Rua Curitiba, 2039 | Lourdes, Belo Horizonte - MG"
Buteco do Lili,"R. Líbero Badaró, 493 - Dona Clara, Belo Horizonte - MG, 31255-620",-19.8611471,-43.9460218,https://cdb-static-files.s3.amazonaws.com/wp-content/uploads/2025/03/15050340/butecodolili_saboresdeprata_bh_2025_rodneycosta_unibh-8489-scaled.jpg,https://comidadibuteco.com.br/buteco/3151-autosave-v1/,"https://www.google.com/maps/search/?api=1&query=R. Líbero Badaró, 493 - Dona Clara, Belo Horizonte - MG, 31255-620"
Buteco do Rod,"Rua José Moura Peçanha, 12 | Ouro Preto, Belo Horizonte - MG",-19.8744614,-43.9882185,https://cdb-static-files.s3.amazonaws.com/wp-content/uploads/2025/03/19150856/butecodorod_caneladebutequeiro_bh_2025_isaquerodrigues_unibh-8863-scaled.jpg,https://comidadibuteco.com.br/buteco/buteco-do-rod/,"https://www.google.com/maps/search/?api=1&query=Rua José Moura Peçanha, 12 | Ouro Preto, Belo Horizonte - MG"
Buteco Tô D’Boa,"Avenida Virgílio de Melo Franco, 400 | Jardim Atlântico, Belo Horizonte - MG",-19.8444456,-43.9821145,https://cdb-static-files.s3.amazonaws.com/wp-content/uploads/2025/03/19151018/butecotodeboa_paletasuinamineira_bh_2025_isaquerodrigues_unibh-7945-scaled.jpg,https://comidadibuteco.com.br/buteco/buteco-to-dboa/,"https://www.google.com/maps/search/?api=1&query=Avenida Virgílio de Melo Franco, 400 | Jardim Atlântico, Belo Horizonte - MG"
Buteco’s Bar,"R. Ernesto Braga, 2 - Jardim Atlântico, Belo Horizonte - MG, 31555-040",-19.8478282,-43.9821727,https://cdb-static-files.s3.amazonaws.com/wp-content/uploads/2025/03/15050320/butecosbar_nuhrachouminhacostela_bh_2025_rodneycosta_unibh-8662-scaled.jpg,https://comidadibuteco.com.br/buteco/3145-revision-v1/,"https://www.google.com/maps/search/?api=1&query=R. Ernesto Braga, 2 - Jardim Atlântico, Belo Horizonte - MG, 31555-040"
Butiquim On Cê Tá?,"Avenida Gen. Olímpio Mourão Filho, 754 | Itapoã, Belo Horizonte - MG",-19.8341581,-43.9566101,https://cdb-static-files.s3.amazonaws.com/wp-content/uploads/2025/03/15050251/butequimonceta_almodegadamammatereza_bh_2025_isaquerodrigues_unibh-9021-scaled.jpg,https://comidadibuteco.com.br/buteco/butiquim-on-ce-ta/,"https://www.google.com/maps/search/?api=1&query=Avenida Gen. Olímpio Mourão Filho, 754 | Itapoã, Belo Horizonte - MG"
Café Bahia,"Rua Tupis, 369 | Centro, Belo Horizonte - MG",-19.921448,-43.9404506,https://cdb-static-files.s3.amazonaws.com/wp-content/uploads/2025/03/15050158/cafebahia_trupiqueinobahia_bh_2025_amandacantanhede_unibh-9006-scaled.jpg,https://comidadibuteco.com.br/buteco/3147-revision-v1/,"https://www.google.com/maps/search/?api=1&query=Rua Tupis, 369 | Centro, Belo Horizonte - MG"
Café Palhares,"Rua dos Tupinambás, 638 | Centro, Belo Horizonte - MG",-19.9172672,-43.940204,https://cdb-static-files.s3.amazonaws.com/wp-content/uploads/2025/03/15050219/cafepalhares_polpetadeberingelacomdoisqueijos_bh_2025_fernandaoliveira_unibh-8289-scaled.jpg,https://comidadibuteco.com.br/buteco/3149-revision-v1/,"https://www.google.com/maps/search/?api=1&query=Rua dos Tupinambás, 638 | Centro, Belo Horizonte - MG"
Camisola Bar,"Rua Luther King, 242 | Cidade Nova, Belo Horizonte - MG",-19.8915452,-43.9247094,https://cdb-static-files.s3.amazonaws.com/wp-content/uploads/2025/03/19151142/camisola_costelamineira_bh_2025_rodneycosta_unibh-7449-scaled.jpg,https://comidadibuteco.com.br/buteco/camisola-bar/,"https://www.google.com/maps/search/?api=1&query=Rua Luther King, 242 | Cidade Nova, Belo Horizonte - MG"
Canela Amarela,"Praça Leonardo Gutierrez, 195 | Gutierrez, Belo Horizonte - MG",-19.9354887,-43.9598737,https://cdb-static-files.s3.amazonaws.com/wp-content/uploads/2025/03/19151248/canelaamarela_bolanarede_bh_2025_isaquerodrigues_unibh-9287-scaled.jpg,https://comidadibuteco.com.br/buteco/canela-amarela/,"https://www.google.com/maps/search/?api=1&query=Praça Leonardo Gutierrez, 195 | Gutierrez, Belo Horizonte - MG"
Cantina Arte Quintal,"Rua Realengo, 150 | Caiçara, Belo Horizonte - MG",-19.9011587,-43.9757609,https://cdb-static-files.s3.amazonaws.com/wp-content/uploads/2025/03/19151606/cantinaartequinta_fraudinhaacachacaecerveja_bh_2025_isaquerodrigues_unibh-7690-scaled.jpg,https://comidadibuteco.com.br/buteco/cantina-arte-quintal/,"https://www.google.com/maps/search/?api=1&query=Rua Realengo, 150 | Caiçara, Belo Horizonte - MG"
Cantinho da Baiana,"Avenida Itaité, 422 | São Geraldo, Belo Horizonte - MG",-19.8984545,-43.89990299999999,https://cdb-static-files.s3.amazonaws.com/wp-content/uploads/2025/03/19151713/cantinhodabaianamineirounos25_bh_2025_rodneycosta_unibh-8748-scaled.jpg,https://comidadibuteco.com.br/buteco/cantinho-da-baiana/,"https://www.google.com/maps/search/?api=1&query=Avenida Itaité, 422 | São Geraldo, Belo Horizonte - MG"
Casa da Madrinha,"Avenida Barbacena, 212 | Barro Preto, Belo Horizonte - MG",-19.9206189,-43.9554287,https://cdb-static-files.s3.amazonaws.com/wp-content/uploads/2025/03/19151819/casadamadrinha_bemmineiro_bh_2025_amandacantanhede_unibh-8867-scaled.jpg,https://comidadibuteco.com.br/buteco/casa-da-madrinha/,"https://www.google.com/maps/search/?api=1&query=Avenida Barbacena, 212 | Barro Preto, Belo Horizonte - MG"
Cervejaria Pajé,"Avenida Capim Branco, 419 | Vista Alegre, Belo Horizonte - MG",-19.9526286,-43.9991157,https://cdb-static-files.s3.amazonaws.com/wp-content/uploads/2025/03/19151930/cervejariapaje_xukurukariri_bh_2025_mylenaizis_unibh-8027-scaled.jpg,https://comidadibuteco.com.br/buteco/cervejaria-paje/,"https://www.google.com/maps/search/?api=1&query=Avenida Capim Branco, 419 | Vista Alegre, Belo Horizonte - MG"
Chapa Mágica,"Avenida Waldomiro Lobo, 305 | Guarani, Belo Horizonte - MG",-19.845422,-43.9216718,https://cdb-static-files.s3.amazonaws.com/wp-content/uploads/2025/03/19152044/chapamagica_incangadodeihameebancondadonabiu_bh_2025_amandacantanhede_unibh-8830-scaled.jpg,https://comidadibuteco.com.br/buteco/chapa-magica/,"https://www.google.com/maps/search/?api=1&query=Avenida Waldomiro Lobo, 305 | Guarani, Belo Horizonte - MG"
Choperia América Norte Sul,"Rua Chico Rei, 190 | Estrela do Oriente, Belo Horizonte - MG",-19.9621417,-43.9852231,https://cdb-static-files.s3.amazonaws.com/wp-content/uploads/2025/03/15050104/americanorteesul_tiragostoescondido_bh_2025_rodneycosta_unibh-7408-scaled.jpg,https://comidadibuteco.com.br/buteco/choperia-america-norte-sul/,"https://www.google.com/maps/search/?api=1&query=Rua Chico Rei, 190 | Estrela do Oriente, Belo Horizonte - MG"
Chopp da Esquina,"Rua Garret, 263 | Nova Granada, Belo Horizonte - MG",-19.9426678,-43.96575970000001,https://cdb-static-files.s3.amazonaws.com/wp-content/uploads/2025/03/19152143/choppdaesquina_roledochopp_bh_2025_isaquerodrigues_unibh-8826-scaled.jpg,https://comidadibuteco.com.br/buteco/chopp-da-esquina/,"https://www.google.com/maps/search/?api=1&query=Rua Garret, 263 | Nova Granada, Belo Horizonte - MG"
Companhia do Dino,"Avenida Joaquim Clemente, 682 | Floramar, Belo Horizonte - MG",-19.8372249,-43.933255,https://cdb-static-files.s3.amazonaws.com/wp-content/uploads/2025/03/15050131/companhiadodino_barrigadodinoc_bh_2025_rodneycosta_unibh-7498-scaled.jpg,https://comidadibuteco.com.br/buteco/companhia-do-dino/,"https://www.google.com/maps/search/?api=1&query=Avenida Joaquim Clemente, 682 | Floramar, Belo Horizonte - MG"
Conectados Bar,"Avenida Francisco Sá, 280 | Prado, Belo Horizonte - MG",-19.9251305,-43.9594433,https://cdb-static-files.s3.amazonaws.com/wp-content/uploads/2025/03/19152240/conectadosbar_ajoelhouvaiterquerezar_bh_2025_amandacantanhede_unibh-8227-scaled.jpg,https://comidadibuteco.com.br/buteco/conectados-bar/,"https://www.google.com/maps/search/?api=1&query=Avenida Francisco Sá, 280 | Prado, Belo Horizonte - MG"
COSMOS,"Rua Vicente Risola, 1305 - Santa Ines, Belo Horizonte - MG, 31080-160",-19.8805434,-43.9101174,https://cdb-static-files.s3.amazonaws.com/wp-content/uploads/2025/03/15050033/cosmos_meteoroexplosaodesabores_bh_2025_rodneycosta_unibh-7483-scaled.jpg,https://comidadibuteco.com.br/buteco/cosmos/,"https://www.google.com/maps/search/?api=1&query=Rua Vicente Risola, 1305 - Santa Ines, Belo Horizonte - MG, 31080-160"
Deck Boi na Brasa,"Rua Desembargador José Satyro, 302 | Castelo, Belo Horizonte - MG",-19.8876361,-43.9964471,https://cdb-static-files.s3.amazonaws.com/wp-content/uploads/2025/03/19152342/deckboinabrasa_tulipadochefe_bh_2025_isaquerodrigues_unibh-9360-scaled.jpg,https://comidadibuteco.com.br/buteco/deck-boi-na-brasa/,"https://www.google.com/maps/search/?api=1&query=Rua Desembargador José Satyro, 302 | Castelo, Belo Horizonte - MG"
Dona Dora,"Rua Rio de Janeiro, 1205 | Centro, Belo Horizonte - MG",-19.9249056,-43.94012,https://cdb-static-files.s3.amazonaws.com/wp-content/uploads/2025/03/19152435/donadora_boleco_bolodecuteco_bh_2025_rodneycosta_unibh-8708-scaled.jpg,https://comidadibuteco.com.br/buteco/dona-dora/,"https://www.google.com/maps/search/?api=1&query=Rua Rio de Janeiro, 1205 | Centro, Belo Horizonte - MG"
Dona Ju Gastro Bar,"Estrada dos Borges, 1520 | Jardim Vitória, Belo Horizonte - MG",-19.8526653,-43.880588,https://cdb-static-files.s3.amazonaws.com/wp-content/uploads/2025/03/19152529/donajugastro_ju-elho_bh_2025_rodneycosta_unibh-7719-scaled.jpg,https://comidadibuteco.com.br/buteco/dona-ju-gastro-bar/,"https://www.google.com/maps/search/?api=1&query=Estrada dos Borges, 1520 | Jardim Vitória, Belo Horizonte - MG"
Dona Suica,"Rua João Samaha, 390 | São João Batista (Venda Nova), Belo Horizonte - MG",-19.8267119,-43.9626666,https://cdb-static-files.s3.amazonaws.com/wp-content/uploads/2025/03/15045850/donasuica_pratodacasa_bh_2025_mylenaizis_unibh-9180-scaled.jpg,https://comidadibuteco.com.br/buteco/3157-revision-v1/,"https://www.google.com/maps/search/?api=1&query=Rua João Samaha, 390 | São João Batista (Venda Nova), Belo Horizonte - MG"
Ember BBQ,"Rua São Romão, 460 | São Pedro, Belo Horizonte - MG",-19.9444916,-43.9418419,https://cdb-static-files.s3.amazonaws.com/wp-content/uploads/2025/03/15045825/embeer_cupimsertanejo_bh_2025_isaquerodrigues_unibh-7851-scaled.jpg,https://comidadibuteco.com.br/buteco/ember-bbq/,"https://www.google.com/maps/search/?api=1&query=Rua São Romão, 460 | São Pedro, Belo Horizonte - MG"
Espetinho do Boi,"Rua São Paulo da Cruz, 357 | Barreiro, Belo Horizonte - MG",-19.9814393,-44.0145029,https://cdb-static-files.s3.amazonaws.com/wp-content/uploads/2025/03/19152726/espetinhodoboi_brigadeirodoboi_bh_2025_rodneycosta_unibh-8501-scaled.jpg,https://comidadibuteco.com.br/buteco/espetinho-do-boi/,"https://www.google.com/maps/search/?api=1&query=Rua São Paulo da Cruz, 357 | Barreiro, Belo Horizonte - MG"
Espetinhos do Paulão,"Rua Álvaro Mata, 466 | Belo Horizonte - MG",-19.8853293,-43.958031,https://cdb-static-files.s3.amazonaws.com/wp-content/uploads/2025/03/19152839/espetinhodopaulao_vacafaladeira_bh_2025_rodneycosta_unibh-8425-scaled.jpg,https://comidadibuteco.com.br/buteco/espetinhos-do-paulao/,"https://www.google.com/maps/search/?api=1&query=Rua Álvaro Mata, 466 | Belo Horizonte - MG"
Espettinho.com,"Rua Eli Seabra Filho, 510 | Buritis, Belo Horizonte - MG",-19.9754556,-43.9768423,https://cdb-static-files.s3.amazonaws.com/wp-content/uploads/2025/03/19153114/espettinhocom_mineirimgratinado_bh_2025_rodneycosta_unibh-9129-scaled.jpg,https://comidadibuteco.com.br/buteco/espetinho-com/,"https://www.google.com/maps/search/?api=1&query=Rua Eli Seabra Filho, 510 | Buritis, Belo Horizonte - MG"
Fogão de Minas,"Avenida Doutor Cristiano Guimarães, 1911 | Planalto, Belo Horizonte - MG",-19.8372086,-43.9538581,https://cdb-static-files.s3.amazonaws.com/wp-content/uploads/2025/03/19153205/fogaodeminas_tropadeelite_bh_2025_rodneycosta_unibh-8509-scaled.jpg,https://comidadibuteco.com.br/buteco/fogao-de-minas/,"https://www.google.com/maps/search/?api=1&query=Avenida Doutor Cristiano Guimarães, 1911 | Planalto, Belo Horizonte - MG"
Garagge Vintage,"Avenida Doutor Cristiano Guimarães, 1258 | Planalto, Belo Horizonte - MG",-19.8316265,-43.9548952,https://cdb-static-files.s3.amazonaws.com/wp-content/uploads/2025/03/19153255/garaggevintage_baotambem_bh_2025_amandacantanhede_unibh-8958-scaled.jpg,https://comidadibuteco.com.br/buteco/garagge-vintage/,"https://www.google.com/maps/search/?api=1&query=Avenida Doutor Cristiano Guimarães, 1258 | Planalto, Belo Horizonte - MG"
Geraldin da Cida,"Rua Contria, 1459 | Grajaú, Belo Horizonte - MG",-19.9381594,-43.9676676,https://cdb-static-files.s3.amazonaws.com/wp-content/uploads/2025/03/19153406/geraldimdacida_soumineirouai_bh_2025_rodneycosta_unibh-8364-scaled.jpg,https://comidadibuteco.com.br/buteco/geraldin-da-cida/,"https://www.google.com/maps/search/?api=1&query=Rua Contria, 1459 | Grajaú, Belo Horizonte - MG"
Golden Grill,"Rua Amílcar Cabral, 515 | Milionários, Belo Horizonte - MG",-19.9854385,-44.00262,https://cdb-static-files.s3.amazonaws.com/wp-content/uploads/2025/03/15045801/goldengrill_costelaodosdeuses_bh_2025_rodneycosta_unibh-8167-scaled.jpg,https://comidadibuteco.com.br/buteco/golden-grill/,"https://www.google.com/maps/search/?api=1&query=Rua Amílcar Cabral, 515 | Milionários, Belo Horizonte - MG"
Iracema Bar,"Rua Almandina, 56 | Belo Horizonte - MG",-19.9186343,-43.9248955,https://cdb-static-files.s3.amazonaws.com/wp-content/uploads/2025/03/19153541/iracema_harumakidecarnedepanela_bh_2025_fernandaoliveira_unibh-8240-scaled.jpg,https://comidadibuteco.com.br/buteco/iracema-bar/,"https://www.google.com/maps/search/?api=1&query=Rua Almandina, 56 | Belo Horizonte - MG"
Ivo Grill,"Rua Professor Tristão da Cunha, 183 | Belo Horizonte - MG",-19.8375071,-43.9475477,https://cdb-static-files.s3.amazonaws.com/wp-content/uploads/2025/03/15045738/ivogrill_kafajeste_bh_2025_mylenaizis_unibh-9216-scaled.jpg,https://comidadibuteco.com.br/buteco/ivo-grill/,"https://www.google.com/maps/search/?api=1&query= Rua Professor Tristão da Cunha, 183 | Belo Horizonte - MG"
Já To Inno,"Rua Benjamim Dias, 379 | Belo Horizonte - MG",-19.9783173,-44.01543729999999,https://cdb-static-files.s3.amazonaws.com/wp-content/uploads/2025/03/15045650/jatoinno_moderacao_bh_2025_fernandaoliveira_unibh-8097-scaled.jpg,https://comidadibuteco.com.br/buteco/3165-revision-v1/,"https://www.google.com/maps/search/?api=1&query=Rua Benjamim Dias, 379 | Belo Horizonte - MG"
Juzé Bar,"Rua Carlos Sá, 180 | Jardim Atlântico, Belo Horizonte - MG",-19.8431021,-43.9866191,https://cdb-static-files.s3.amazonaws.com/wp-content/uploads/2025/03/19153752/juze_abacaxedanoburacoquente_bh_2025_isaquerodrigues_unibh-8653-scaled.jpg,https://comidadibuteco.com.br/buteco/juze-bar/,"https://www.google.com/maps/search/?api=1&query=Rua Carlos Sá, 180 | Jardim Atlântico, Belo Horizonte - MG"
Köbes Emporium Bar,"Rua Professor Raimundo Nonato, 31 | Santa Tereza, Belo Horizonte - MG",-19.9102639,-43.91604460000001,https://cdb-static-files.s3.amazonaws.com/wp-content/uploads/2025/03/19153848/kobes_asasdaimaginacao_bh_2025_isaquerodrigues_unibh-7787-scaled.jpg,https://comidadibuteco.com.br/buteco/kobes-emporium-bar/,"https://www.google.com/maps/search/?api=1&query=Rua Professor Raimundo Nonato, 31 | Santa Tereza, Belo Horizonte - MG"
Koqueiros Bar,"Avenida Silviano Brandão, 1293 | Sagrada Família, Belo Horizonte - MG",-19.9111701,-43.9253915,https://cdb-static-files.s3.amazonaws.com/wp-content/uploads/2025/03/15045716/koqueiros_duvideimasamei_bh_2025_isaquerodrigues_unibh-7679-scaled.jpg,https://comidadibuteco.com.br/buteco/3169-revision-v1/,"https://www.google.com/maps/search/?api=1&query=Avenida Silviano Brandão, 1293 | Sagrada Família, Belo Horizonte - MG"
Lá Ele Bar,"Av. General Carlos Guedes, 165 | Planalto, Belo Horizonte - MG",-19.8390024,-43.94995369999999,https://cdb-static-files.s3.amazonaws.com/wp-content/uploads/2025/03/19154054/laele_peitimmoiado_bh_2025_rodneycosta_unibh-9100-scaled.jpg,https://comidadibuteco.com.br/buteco/la-ele-bar/,"https://www.google.com/maps/search/?api=1&query=Av. General Carlos Guedes, 165 | Planalto, Belo Horizonte - MG"
Leo da Quadra,"Rua Oliveira Lisboa, 107 | Barreiro, Belo Horizonte - MG",-19.9764724,-44.0132381,https://cdb-static-files.s3.amazonaws.com/wp-content/uploads/2025/03/19154147/leodaquadra_lembeosbeicos_bh_2025_rodneycosta_unibh-7632-scaled.jpg,https://comidadibuteco.com.br/buteco/leo-da-quadra/,"https://www.google.com/maps/search/?api=1&query=Rua Oliveira Lisboa, 107 | Barreiro, Belo Horizonte - MG"
Locomotiva’s Bar,"Rua Carmésia, 568 | Santa Inês, Belo Horizonte - MG",-19.8867198,-43.9082903,https://cdb-static-files.s3.amazonaws.com/wp-content/uploads/2025/03/15045235/locomotivasbar_cumpimembreagadoetrouxa_bh_2025_amandacantanhede_unibh-8315-scaled.jpg,https://comidadibuteco.com.br/buteco/locomotivas-bar-2/,"https://www.google.com/maps/search/?api=1&query=Rua Carmésia, 568 | Santa Inês, Belo Horizonte - MG"
Magnífico Quintal,"Rua Jefferson de Oliveira, 56 | Santa Amélia, Belo Horizonte - MG",-19.842697,-43.9745867,https://cdb-static-files.s3.amazonaws.com/wp-content/uploads/2025/03/15045339/magnifcoquinta_cocorico_bh_2025_isaquerodrigues_unibh-7756-scaled.jpg,https://comidadibuteco.com.br/buteco/magnifico-quintal/,"https://www.google.com/maps/search/?api=1&query=Rua Jefferson de Oliveira, 56 | Santa Amélia, Belo Horizonte - MG"
Magrelo’s Bar,"Avenida Serrana, 635 | Serrano, Belo Horizonte - MG",-19.880126,-44.0117667,https://cdb-static-files.s3.amazonaws.com/wp-content/uploads/2025/03/15045407/magrelos_amigosdopeito_bh_2025_isaquerodrigues_unibh-9303-scaled.jpg,https://comidadibuteco.com.br/buteco/magrelos-bar-2/,"https://www.google.com/maps/search/?api=1&query=Avenida Serrana, 635 | Serrano, Belo Horizonte - MG"
Mamute Bar,"Rua Brás Cubas, 116 | Cruzeiro, Belo Horizonte - MG",-19.9448741,-43.92853239999999,https://cdb-static-files.s3.amazonaws.com/wp-content/uploads/2025/03/19154240/mamute_ctadeparabens_bh_2025_mylenaizis_unibh-8079-scaled.jpg,https://comidadibuteco.com.br/buteco/mamute-gastrobar/,"https://www.google.com/maps/search/?api=1&query=Rua Brás Cubas, 116 | Cruzeiro, Belo Horizonte - MG"
Marina’s Bar,"Rua José Baroni, 13 | Santa Efigênia, Belo Horizonte - MG",-19.9239539,-43.9089423,https://cdb-static-files.s3.amazonaws.com/wp-content/uploads/2025/03/19154422/marinas_essetremvoa_bh_2025_isaquerodrigues_unibh-7376-scaled.jpg,https://comidadibuteco.com.br/buteco/marinas-bar/,"https://www.google.com/maps/search/?api=1&query=Rua José Baroni, 13 | Santa Efigênia, Belo Horizonte - MG"
Mineiros Beer,"Rua Romualdo Lopes Cançado, 399 | Castelo, Belo Horizonte - MG",-19.8886654,-43.9970161,https://cdb-static-files.s3.amazonaws.com/wp-content/uploads/2025/03/19154514/mineirosbeer_costeladeromeu_bh_2025_isaquerodrigues_unibh-8592-scaled.jpg,https://comidadibuteco.com.br/buteco/mineiros-beer/,"https://www.google.com/maps/search/?api=1&query=Rua Romualdo Lopes Cançado, 399 | Castelo, Belo Horizonte - MG"
Mulão,"Rua Marambaia, 291 | Caiçara, Belo Horizonte - MG",-19.9082148,-43.9683758,https://cdb-static-files.s3.amazonaws.com/wp-content/uploads/2025/03/15045206/mulao_mulle_bh_2025_fernandaoliveira_unibh-7464-scaled.jpg,https://comidadibuteco.com.br/buteco/3177-revision-v1/,"https://www.google.com/maps/search/?api=1&query=Rua Marambaia, 291 | Caiçara, Belo Horizonte - MG"
Nosso Spetim,"Rua dos Astecas, 3219 | Santa Mônica, Belo Horizonte - MG",-19.83178,-43.97723,https://cdb-static-files.s3.amazonaws.com/wp-content/uploads/2025/03/15045142/nonospetim_linguadedoisamores_bh_2025_isaquerodrigues_unibh-9340-scaled.jpg,https://comidadibuteco.com.br/buteco/nosso-spetim/,"https://www.google.com/maps/search/?api=1&query=Rua dos Astecas, 3219 | Santa Mônica, Belo Horizonte - MG"
O Fino do Alho,"Rua Capitão Sérgio Pires, 41 | Minascaixa, Belo Horizonte - MG",-19.8054467,-43.9579759,https://comidadibuteco.com.br/wp-content/uploads/2025/03/ofinodoalho_sodeminas_bh_2025_isaquerodrigues_unibh-9054-scaled.jpg,https://comidadibuteco.com.br/buteco/o-fino-do-alho/,"https://www.google.com/maps/search/?api=1&query=Rua Capitão Sérgio Pires, 41 | Minascaixa, Belo Horizonte - MG"
Oratório Bar,"Avenida Brasil, 161 | Santa Efigênia, Belo Horizonte - MG",-19.9244137,-43.9216995,https://cdb-static-files.s3.amazonaws.com/wp-content/uploads/2025/03/19155430/oratoriobar_costeladeadao_bh_2025_amandacantanhede_unibh-8929-scaled.jpg,https://comidadibuteco.com.br/buteco/oratorio-bar/,"https://www.google.com/maps/search/?api=1&query=Avenida Brasil, 161 | Santa Efigênia, Belo Horizonte - MG"
Parada 10.95 Bar,"Avenida dos Engenheiros, 1095 | Alípio de Melo, Belo Horizonte - MG",-19.8886402,-44.0029196,https://cdb-static-files.s3.amazonaws.com/wp-content/uploads/2025/03/19155719/parada1095_bh_2025_amandacantanhede_unibh-8058-scaled.jpg,https://comidadibuteco.com.br/buteco/parada-10-95-bar/,"https://www.google.com/maps/search/?api=1&query=Avenida dos Engenheiros, 1095 | Alípio de Melo, Belo Horizonte - MG"
Parada do Sabor,"Avenida General Carlos Guedes, 346 | Planalto, Belo Horizonte - MG",-19.837958,-43.9483778,https://cdb-static-files.s3.amazonaws.com/wp-content/uploads/2025/03/15045053/paradadosabor_coracaodoparada_bh_2025_isaquerodrigues_unibh-8637-scaled.jpg,https://comidadibuteco.com.br/buteco/parada-do-sabor/,"https://www.google.com/maps/search/?api=1&query=Avenida General Carlos Guedes, 346 | Planalto, Belo Horizonte - MG"
Pé de Cana,"Rua Flórida, 15 | Sion, Belo Horizonte - MG",-19.9484881,-43.9339669,https://cdb-static-files.s3.amazonaws.com/wp-content/uploads/2025/03/19155918/pedecana_eprata_bh_2025_isaquerodrigues_unibh-7883-scaled.jpg,https://comidadibuteco.com.br/buteco/pe-de-cana/,"https://www.google.com/maps/search/?api=1&query=Rua Flórida, 15 | Sion, Belo Horizonte - MG"
Pé de Goiaba,"Avenida Amazonas, 4676 | Nova Suíssa, Belo Horizonte - MG",-19.9292502,-43.9757285,https://cdb-static-files.s3.amazonaws.com/wp-content/uploads/2025/03/15044957/pedegoiaba_bodasdeprata_bh_2025_isaquerodrigues_unibh-8633-scaled.jpg,https://comidadibuteco.com.br/buteco/3179-revision-v1/,"https://www.google.com/maps/search/?api=1&query=Avenida Amazonas, 4676 | Nova Suíssa, Belo Horizonte - MG"
Planeta Lúpulo,"Avenida Guarapari, 108 | Santa Amélia, Belo Horizonte - MG",-19.8445991,-43.9770988,https://cdb-static-files.s3.amazonaws.com/wp-content/uploads/2025/03/19160104/planetalupulo_cestinhadasgerais_bh_2025_isaquerodrigues_unibh-8557-scaled.jpg,https://comidadibuteco.com.br/buteco/planeta-lupulo/,"https://www.google.com/maps/search/?api=1&query=Avenida Guarapari, 108 | Santa Amélia, Belo Horizonte - MG"
PoiZé Bar e Petisqueira,"Rua Pium-I, 686 | Cruzeiro, Belo Horizonte - MG",-19.945659,-43.9309165,https://cdb-static-files.s3.amazonaws.com/wp-content/uploads/2025/03/15045021/poize_aparecidinhodoze_bh_2025_rodneycosta_unibh-7767-scaled.jpg,https://comidadibuteco.com.br/buteco/poize-bar-e-petisqueira/,"https://www.google.com/maps/search/?api=1&query=Rua Pium-I, 686 | Cruzeiro, Belo Horizonte - MG"
Prado Beer,"Avenida Francisco Sá, 590 | Prado, Belo Horizonte - MG",-19.9270434,-43.9597485,https://cdb-static-files.s3.amazonaws.com/wp-content/uploads/2025/03/19160250/pradobeer_amontadinho_bh_2025_isaquerodrigues_unibh-8981-scaled.jpg,https://comidadibuteco.com.br/buteco/prado-beer/,"https://www.google.com/maps/search/?api=1&query=Avenida Francisco Sá, 590 | Prado, Belo Horizonte - MG"
Prosa Boa,"Avenida Doutor Cristiano Guimarães, 1480 | Planalto, Belo Horizonte - MG",-19.8333481,-43.95591049999999,https://cdb-static-files.s3.amazonaws.com/wp-content/uploads/2025/03/19160333/prosaboa_roendoateoosso_bh_2025_rodneycosta_unibh-7476-scaled.jpg,https://comidadibuteco.com.br/buteco/prosa-boa/,"https://www.google.com/maps/search/?api=1&query=Avenida Doutor Cristiano Guimarães, 1480 | Planalto, Belo Horizonte - MG"
Quinteiro Bar e Restaurante,"Rua Salinas, 1008 | Floresta, Belo Horizonte - MG",-19.9145485,-43.9257172,https://cdb-static-files.s3.amazonaws.com/wp-content/uploads/2025/03/19170230/quinteirobar_voucomermeubolo_bh_2025_isaquerodrigues_unibh-8588-scaled.jpg,https://comidadibuteco.com.br/buteco/quinteiro-bar-e-restaurante/,"https://www.google.com/maps/search/?api=1&query=Rua Salinas, 1008 | Floresta, Belo Horizonte - MG"
Quioxque Botequim Carioca,"Rua Henrique Badaró Portugal, 157 | Buritis, Belo Horizonte - MG",-19.975114,-43.9765634,https://cdb-static-files.s3.amazonaws.com/wp-content/uploads/2025/03/19170333/quioxque_estamosdeparabens_bh_2025_isaquerodrigues_unibh-7820-scaled.jpg,https://comidadibuteco.com.br/buteco/quioxque-butiquim-carioca/,"https://www.google.com/maps/search/?api=1&query=Rua Henrique Badaró Portugal, 157 | Buritis, Belo Horizonte - MG"
Quitandas da Tia Nice Bar,"Rua Alabastro, 146 | Sagrada Família, Belo Horizonte – MG",-19.911229,-43.9207988,https://cdb-static-files.s3.amazonaws.com/wp-content/uploads/2025/03/15044911/quitandatianice_queceque_bh_2025_rodneycosta_unibh-7389-scaled.jpg,https://comidadibuteco.com.br/buteco/quitandas-da-tia-nice-bar/,"https://www.google.com/maps/search/?api=1&query=Rua Alabastro, 146 | Sagrada Família, Belo Horizonte – MG"
Rancho do Manoel,"Rua Isabel Bueno, 1100 | Belo Horizonte - MG",-19.8599846,-43.9500839,https://cdb-static-files.s3.amazonaws.com/wp-content/uploads/2025/03/19171029/ranchodomanoel_trembaoso_bh_2025_rodneycosta_unibh-7453-scaled.jpg,https://comidadibuteco.com.br/buteco/rancho-do-manoel/,"https://www.google.com/maps/search/?api=1&query=Rua Isabel Bueno, 1100 | Belo Horizonte - MG"
Recanto Vovó Tela,"Rua Tenente Marino Freire, 270 | Maria Helena, Belo Horizonte - MG",-19.8018009,-43.9935688,https://cdb-static-files.s3.amazonaws.com/wp-content/uploads/2025/03/15044845/recantovovotela_de2510tmj_bh_2025_rodneycosta_unibh-9209-scaled.jpg,https://comidadibuteco.com.br/buteco/5701-revision-v1/,"https://www.google.com/maps/search/?api=1&query=Rua Tenente Marino Freire, 270 | Maria Helena, Belo Horizonte - MG"
Regis Bar,"Avenida Vinte e Oito de Setembro, 872 | Belo Horizonte - MG",-19.9080658,-43.907883,https://cdb-static-files.s3.amazonaws.com/wp-content/uploads/2025/03/15044821/regisbar_trioparadadura_bh_2025_isaquerodrigues_unibh-8785-scaled.jpg,https://comidadibuteco.com.br/buteco/regis-bar/,"https://www.google.com/maps/search/?api=1&query=Avenida Vinte e Oito de Setembro, 872 | Belo Horizonte - MG"
Rei do Peixe,"Rua Ramalho Ortigão, 735 | Santa Branca, Belo Horizonte - MG",-19.8323398,-43.9664358,https://cdb-static-files.s3.amazonaws.com/wp-content/uploads/2025/03/10074117/oreidopeixe_bolinhobodasdeprata_bh_2025_rodneycosta_unibh-9259-scaled.jpg,https://comidadibuteco.com.br/buteco/rei-do-peixe/,"https://www.google.com/maps/search/?api=1&query=Rua Ramalho Ortigão, 735 | Santa Branca, Belo Horizonte - MG"
Resenha da Naty,"Rua Gonçalves Ledo, 288 | Cachoeirinha, Belo Horizonte - MG",-19.8923813,-43.9460805,https://cdb-static-files.s3.amazonaws.com/wp-content/uploads/2025/03/15044659/resenhadanaty_trembaumdemasso_bh_2025_isaquerodrigues_unibh-8123-scaled.jpg,https://comidadibuteco.com.br/buteco/resenha-da-naty/,"https://www.google.com/maps/search/?api=1&query=Rua Gonçalves Ledo, 288 | Cachoeirinha, Belo Horizonte - MG"
Restaurante Jorge Americano,"Avenida Augusto de Lima, 744 | Centro, Belo Horizonte - MG",-19.9226073,-43.9429337,https://cdb-static-files.s3.amazonaws.com/wp-content/uploads/2025/03/15044742/jorgeamericano_rabadadojorge__bh_2025_isaquerodrigues_unih-7967-scaled.jpg,https://comidadibuteco.com.br/buteco/restaurante-jorge-americano/,"https://www.google.com/maps/search/?api=1&query=Avenida Augusto de Lima, 744 | Centro, Belo Horizonte - MG"
S.O.S PUB,"Rua Padre José Maurício, 1126 | Vista Alegre, Belo Horizonte - MG",-19.9557438,-43.9980114,https://cdb-static-files.s3.amazonaws.com/wp-content/uploads/2025/03/15044605/sospub_socorrodomineiro_bh_2025_amandacantanhede_unibh-8010-scaled.jpg,https://comidadibuteco.com.br/buteco/s-o-s-pub/,"https://www.google.com/maps/search/?api=1&query=Rua Padre José Maurício, 1126 | Vista Alegre, Belo Horizonte - MG"
Santa Boemia,"Rua Mármore, 534 | Santa Tereza, Belo Horizonte - MG",-19.9166073,-43.9175112,https://cdb-static-files.s3.amazonaws.com/wp-content/uploads/2025/03/19171327/santaboemia_sextoubb_bh_2025_rodneycosta_unibh-7592-scaled.jpg,https://comidadibuteco.com.br/buteco/santa-boemia/,"https://www.google.com/maps/search/?api=1&query=Rua Mármore, 534 | Santa Tereza, Belo Horizonte - MG"
Santuário Retrô,"Avenida Padre Vieira, 150 | Minas Brasil, Belo Horizonte - MG",-19.9159187,-43.9897715,https://cdb-static-files.s3.amazonaws.com/wp-content/uploads/2025/03/15044516/santuarioretro_presentimretro_bh_2025_rodneycosta_unibh-8779-scaled.jpg,https://comidadibuteco.com.br/buteco/santuario-retro/,"https://www.google.com/maps/search/?api=1&query=Avenida Padre Vieira, 150 | Minas Brasil, Belo Horizonte - MG"
Seu Braz,"Avenida Portugal, 4325 | Itapoã, Belo Horizonte - MG",-19.8428665,-43.9612782,https://cdb-static-files.s3.amazonaws.com/wp-content/uploads/2025/03/15044541/seubraz_contrafileflambadonacachaca_bh_2025_isaquerodrigues_unibh-7921-scaled.jpg,https://comidadibuteco.com.br/buteco/seu-braz/,"https://www.google.com/maps/search/?api=1&query=Avenida Portugal, 4325 | Itapoã, Belo Horizonte - MG"
Silvio’s Bar,"Rua Begônia, 199 | Esplanada, Belo Horizonte - MG",-19.9024022,-43.9054789,https://cdb-static-files.s3.amazonaws.com/wp-content/uploads/2025/03/19171521/silviosbar_frangonia_bh_2025_rodneycosta_unibh-7982-scaled.jpg,https://comidadibuteco.com.br/buteco/silvios-bar/,"https://www.google.com/maps/search/?api=1&query=Rua Begônia, 199 | Esplanada, Belo Horizonte - MG"
Sinhá Erozitha Bistrôteco,"Rua Santo Amaro, 257 | Sagrada Família, Belo Horizonte - MG",-19.9020411,-43.9170161,https://cdb-static-files.s3.amazonaws.com/wp-content/uploads/2025/03/19171610/sinhaerozitha_elasquera_bh_2025_isaquerodrigues_unibh-8251-scaled.jpg,https://comidadibuteco.com.br/buteco/sinha-erozitha-bistroteco/,"https://www.google.com/maps/search/?api=1&query=Rua Santo Amaro, 257 | Sagrada Família, Belo Horizonte - MG"
Sô Bar,"Avenida Altamiro Avelino Soares, 426 | Castelo, Belo Horizonte - MG",-19.882894,-43.9982379,https://cdb-static-files.s3.amazonaws.com/wp-content/uploads/2025/03/15044420/sobar_somio_bh_2025_rodneycosta_unibh-8449-scaled.jpg,https://comidadibuteco.com.br/buteco/so-bar/,"https://www.google.com/maps/search/?api=1&query=Avenida Altamiro Avelino Soares, 426 | Castelo, Belo Horizonte - MG"
Spetim,"Rua Ilacir Pereira Lima, 518 | Silveira, Belo Horizonte - MG",-19.8899061,-43.92983479999999,https://cdb-static-files.s3.amazonaws.com/wp-content/uploads/2025/03/19171715/spetim_tanabocadopovo_bh_2025_rodneycosta_unibh-7565-scaled.jpg,https://comidadibuteco.com.br/buteco/spetim/,"https://www.google.com/maps/search/?api=1&query=Rua Ilacir Pereira Lima, 518 | Silveira, Belo Horizonte - MG"
Tanganica Art Bar,"Rua Padre Demerval Gomes, 380 | Coração Eucarístico, Belo Horizonte - MG",-19.9253528,-43.9916198,https://cdb-static-files.s3.amazonaws.com/wp-content/uploads/2025/03/15044450/tanganica_veganocolorido_bh_2025_isaquerodrigues_unibh-7903-scaled.jpg,https://comidadibuteco.com.br/buteco/tanganica-art-bar/,"https://www.google.com/maps/search/?api=1&query=Rua Padre Demerval Gomes, 380 | Coração Eucarístico, Belo Horizonte - MG"
The Butcher,"Avenida Ressaca, 353 | Coração Eucarístico, Belo Horizonte - MG",-19.9173836,-43.9878777,https://cdb-static-files.s3.amazonaws.com/wp-content/uploads/2025/03/19171820/thebutcher_paneladeprata_bh_2025_rodneycosta_unibh-8006-scaled.jpg,https://comidadibuteco.com.br/buteco/the-butcher/,"https://www.google.com/maps/search/?api=1&query=Avenida Ressaca, 353 | Coração Eucarístico, Belo Horizonte - MG"
Toca do Ogro,"Rua Professor Nelson de Sena, 4 | Pampulha, Belo Horizonte - MG",-19.85347,-43.9559535,https://cdb-static-files.s3.amazonaws.com/wp-content/uploads/2025/03/19171927/tocadoogro_ripadeprata_bh_2025_rodneycosta_unibh-9147-scaled.jpg,https://comidadibuteco.com.br/buteco/toca-do-ogro/,"https://www.google.com/maps/search/?api=1&query=Rua Professor Nelson de Sena, 4 | Pampulha, Belo Horizonte - MG"
Toninho – Alto Forno,"Rua Miracema, 100 | Santo André, Belo Horizonte - MG",-19.8999259,-43.9523387,https://cdb-static-files.s3.amazonaws.com/wp-content/uploads/2025/03/15044346/toninhoaltoforno_joelhodalili_bh_2025_rodneycosta_unibh-8417-scaled.jpg,https://comidadibuteco.com.br/buteco/5706-revision-v1/,"https://www.google.com/maps/search/?api=1&query=Rua Miracema, 100 | Santo André, Belo Horizonte - MG"
Tropeiro do Lisboa,"Avenida Leontino Francisco Alves, 506 | Serra Verde (Venda Nova), Belo Horizonte - MG",-19.7999483,-43.9586827,https://cdb-static-files.s3.amazonaws.com/wp-content/uploads/2025/03/15044322/tropeirolisboa_caldeiraodomiion_bh_2025_rodneycosta_unibh-7990-scaled.jpg,https://comidadibuteco.com.br/buteco/tropeiro-do-lisboa/,"https://www.google.com/maps/search/?api=1&query=Avenida Leontino Francisco Alves, 506 | Serra Verde (Venda Nova), Belo Horizonte - MG"
Us Motoca,"Rua Blenda, 91 | Camargos, Belo Horizonte - MG",-19.9406667,-44.0152739,https://cdb-static-files.s3.amazonaws.com/wp-content/uploads/2025/03/15044259/usmotoca_bodasdeprata_bh_2025_mylenaizis_unibh-9157-scaled.jpg,https://comidadibuteco.com.br/buteco/3187-revision-v1/,"https://www.google.com/maps/search/?api=1&query=Rua Blenda, 91 | Camargos, Belo Horizonte - MG"
Xambar,"Avenida Augusto de Lima, 233 | Centro, Belo Horizonte - MG",-19.92462,-43.93794,https://cdb-static-files.s3.amazonaws.com/wp-content/uploads/2025/03/19172132/xambar_minerimorienta_bh_2025_isaquerodrigues_unibh-7522-scaled.jpg,https://comidadibuteco.com.br/buteco/xambar/,"https://www.google.com/maps/search/?api=1&query=Avenida Augusto de Lima, 233 | Centro, Belo Horizonte - MG"
Xico da Kafua,"Avenida Itaú, 1195 - João Pinheiro, Belo Horizonte - MG",-19.9227539,-44.0026906,https://cdb-static-files.s3.amazonaws.com/wp-content/uploads/2025/03/15044033/xicodacafua_penaareia_bh_2025_rodneycosta_unibh-8478-scaled.jpg,https://comidadibuteco.com.br/buteco/xico-da-kafua/,"https://www.google.com/maps/search/?api=1&query=Avenida Itaú, 1195 - João Pinheiro, Belo Horizonte - MG"
Xico do Churrasco,"Av Altamiro Avelino Soares, 920 - Castelo - Belo Horizonte - MG",-19.88026,-44.00225,https://cdb-static-files.s3.amazonaws.com/wp-content/uploads/2025/03/15044005/xicodochurrasco_xicobalaio_bh_2025_isaquerodrigues_unibh-7860-scaled.jpg,https://comidadibuteco.com.br/buteco/xico-do-churrasco/,"https://www.google.com/maps/search/?api=1&query=Av Altamiro Avelino Soares, 920 - Castelo - Belo Horizonte - MG"
Zé Bolacha,"Rua das Melancias, 35 | Vila Cloris, Belo Horizonte - MG",-19.8217603,-43.9521411,https://comidadibuteco.com.br/wp-content/uploads/2025/03/zebolacha_rabico_bh_2025_isaquerodrigues_unibh-9275-scaled.jpg,https://comidadibuteco.com.br/buteco/ze-bolacha/,"https://www.google.com/maps/search/?api=1&query=Rua das Melancias, 35 | Vila Cloris, Belo Horizonte - MG"
Zoo Bar,"Avenida Otacílio Negrão de Lima, 7844 | Pampulha, Belo Horizonte - MG",-19.854613,-44.0041071,https://cdb-static-files.s3.amazonaws.com/wp-content/uploads/2025/03/19172539/zoobar_canjiquinhadavovo_bh_2025_isaquerodrigues_unibh-8303-scaled.jpg,https://comidadibuteco.com.br/buteco/zoo-bar/,"https://www.google.com/maps/search/?api=1&query=Avenida Otacílio Negrão de Lima, 7844 | Pampulha, Belo Horizonte - MG"
